"SystemIDNum";"SystemName";"QuadrantName";"SectorName";"XCoordinates";"YCoordinates";"ZCoordinates";"Influence";"StarColorType";"Ne;bulaColor"
1;"Carloss";"Williams";"Avalon";174.00;956.00;425.00;"Terran Confederation";"M3 IV";"None"
2;"El Dorado";"Williams";"Avalon";525.00;837.00;330.00;"Terran Confederation";"K1 V";"None"
3;"Giunta";"Williams";"Avalon";364.00;770.00;382.00;"Terran Confederation";"F7 IV";"None"
4;"Grajeda";"Williams";"Avalon";160.00;768.00;373.00;"Terran Confederation";"M8 V";"None"
5;"Hermann";"Williams";"Avalon";358.00;905.00;180.00;"Terran Confederation";"K6 V";"None"
6;"Kier";"Williams";"Avalon";288.00;1044.00;167.00;"Terran Confederation";"K5 III";"None"
7;"Leon";"Williams";"Avalon";412.00;1076.00;332.00;"Terran Confederation";"G0 III";"None"
8;"McCall";"Williams";"Avalon";513.00;1133.00;258.00;"Terran Confederation";"F5 V";"None"
10;"Paylode";"Williams";"Avalon";508.00;1011.00;199.00;"Terran Confederation";"F4 V";"None"
11;"TCSC1569";"Williams";"Avalon";160.00;1142.00;491.00;"Unexplored System";"M5 I";"None"
13;"?";"Challenger";"Avalon";921.00;784.00;159.00;"Unexplored System";"M1 V";"None"
14;"Avalon";"Challenger";"Avalon";662.00;1082.00;301.00;"Terran Confederation";"O8 V";"None"
15;"Babel";"Challenger";"Avalon";967.00;1011.00;353.00;"Terran Confederation";"M2 III";"None"
16;"Baroda";"Challenger";"Avalon";904.00;926.00;409.00;"Terran Confederation";"M8 V";"None"
17;"Britannia";"Challenger";"Avalon";840.00;1106.00;398.00;"Terran Confederation";"G8 III";"None"
18;"Cibola";"Challenger";"Avalon";909.00;686.00;207.00;"Terran Confederation";"G8 I";"None"
20;"Dis";"Challenger";"Avalon";811.00;776.00;148.00;"Terran Confederation";"A3 V";"None"
22;"Gomorrah";"Challenger";"Avalon";1120.00;736.00;352.00;"Terran Confederation";"M6 V";"None"
23;"Haven";"Challenger";"Avalon";1125.00;906.00;196.00;"Terran Confederation";"O9 V";"None"
24;"Jericho";"Challenger";"Avalon";1050.00;1156.00;270.00;"Terran Confederation";"A3 III";"None"
25;"New Atlantis";"Challenger";"Avalon";857.00;1000.00;353.00;"Terran Confederation";"G7 V";"None"
27;"Sheol";"Challenger";"Avalon";819.00;882.00;342.00;"Terran Confederation";"A6 VI";"None"
29;"Tanis";"Challenger";"Avalon";944.00;850.00;209.00;"Terran Confederation";"K8 III";"None"
30;"Ubar";"Challenger";"Avalon";684.00;854.00;340.00;"Terran Confederation";"K5 II";"None"
31;"Xualla";"Challenger";"Avalon";672.00;722.00;221.00;"Terran Confederation";"F5 V";"None"
32;"Agea";"Foshko";"Avalon";1125.00;1265.00;359.00;"Terran Confederation";"M7 III";"None"
33;"Alexandria";"Foshko";"Avalon";975.00;1379.00;426.00;"Terran Confederation";"M5 V";"None"
34;"Aphrodite";"Foshko";"Avalon";934.00;1711.00;327.00;"Terran Confederation";"G0 V";"None"
35;"Aries";"Foshko";"Avalon";738.00;1607.00;250.00;"Terran Confederation";"A5 IV";"None"
36;"Athena";"Foshko";"Avalon";835.00;1787.00;266.00;"Terran Confederation";"M6 III";"None"
37;"Callisto";"Foshko";"Avalon";1062.00;1325.00;93.00;"Terran Confederation";"G2 V";"None"
39;"Forge";"Foshko";"Avalon";648.00;1404.00;190.00;"Terran Confederation";"A6 II";"None"
40;"Hades";"Foshko";"Avalon";696.00;1757.00;226.00;"Terran Confederation";"K3 V";"None"
41;"Hephestus";"Foshko";"Avalon";823.00;1364.00;333.00;"Terran Confederation";"B2 III";"None"
44;"Poseidon";"Foshko";"Avalon";1063.00;1667.00;456.00;"Terran Confederation";"A0 V";"None"
45;"Pugh";"Foshko";"Avalon";623.00;1654.00;346.00;"Terran Confederation";"F4 V";"None"
47;"Tethys";"Foshko";"Avalon";1146.00;1717.00;441.00;"Terran Confederation";"G7 I";"None"
48;"Pietzsch";"Bing";"Avalon";460.00;1526.00;492.00;"Terran Confederation";"A4 III";"None"
49;"Russ";"Bing";"Avalon";468.00;1724.00;436.00;"Terran Confederation";"K2 V";"None"
54;"Beta";"Farris";"Gemini";1624.00;642.00;159.00;"Terran Confederation";"M1 V";"None"
55;"Capella";"Farris";"Gemini";1485.00;839.00;261.00;"Terran Confederation";"A7 V";"None"
56;"Castor";"Farris";"Gemini";1593.00;1140.00;338.00;"Terran Confederation";"F6 V";"None"
57;"Crab-12";"Farris";"Gemini";1419.00;783.00;225.00;"Terran Confederation";"A7 V";"None"
58;"Death";"Farris";"Gemini";1453.00;955.00;426.00;"Terran Confederation";"M6 IV";"None"
59;"Delta";"Farris";"Gemini";1496.00;680.00;278.00;"Terran Confederation";"K1 III";"None"
61;"Eden";"Farris";"Gemini";1669.00;956.00;439.00;"Terran Confederation";"K1 V";"None"
63;"Gamma";"Farris";"Gemini";1411.00;633.00;413.00;"Terran Confederation";"K5 III";"None"
64;"J900";"Farris";"Gemini";1227.00;1117.00;221.00;"Terran Confederation";"G6 V";"None"
65;"KM-252";"Farris";"Gemini";1732.00;1144.00;398.00;"Terran Confederation";"F4 V";"None"
66;"New Caledonia";"Farris";"Gemini";1351.00;720.00;287.00;"Terran Confederation";"A8 V";"None"
67;"Nexus";"Farris";"Gemini";1731.00;1143.00;374.00;"Terran Confederation";"B5 V";"None"
68;"Palan";"Farris";"Gemini";1711.00;843.00;256.00;"Terran Confederation";"K5 V";"None"
70;"Regallis";"Farris";"Gemini";1298.00;1026.00;244.00;"Terran Confederation";"O7 V";"None"
71;"Rygannon";"Farris";"Gemini";1558.00;731.00;362.00;"Terran Confederation";"G2 V";"None"
72;"Sherwood";"Farris";"Gemini";1313.00;873.00;372.00;"Terran Confederation";"A1 V";"None"
73;"Telar";"Farris";"Gemini";1220.00;925.00;347.00;"Terran Confederation";"G3 V";"None"
74;"Valhalla";"Farris";"Gemini";1445.00;1054.00;284.00;"Terran Confederation";"G5 V";"None"
75;"War";"Farris";"Gemini";1494.00;1146.00;122.00;"Terran Confederation";"A2 V";"None"
76;"Xytani";"Farris";"Gemini";1663.00;760.00;320.00;"Terran Confederation";"A8 III";"None"
78;"Blockade Point Charlie";"Clarke";"Gemini";2176.00;967.00;297.00;"Terran Confederation";"M6 III";"None"
79;"Blockade Point Tango";"Clarke";"Gemini";2241.00;892.00;338.00;"Terran Confederation";"A3 VI";"None"
80;"CMF-A";"Clarke";"Gemini";1975.00;846.00;295.00;"Terran Confederation";"M6 V";"None"
81;"Hyades";"Clarke";"Gemini";2205.00;755.00;247.00;"Terran Confederation";"A9 VI";"None"
82;"Lisacc";"Clarke";"Gemini";2313.00;1092.00;358.00;"Terran Confederation";"B4 V";"None"
83;"Mah'Rahn";"Clarke";"Gemini";2323.00;782.00;345.00;"Terran Confederation";"G8 V";"None"
84;"Midguard";"Clarke";"Gemini";1933.00;1091.00;271.00;"Terran Confederation";"K2 V";"None"
86;"Perry";"Clarke";"Gemini";2042.00;1022.00;427.00;"Terran Confederation";"K3 V";"None"
87;"Ragnarok";"Clarke";"Gemini";1860.00;832.00;346.00;"Terran Confederation";"F5 V";"None"
88;"Rikel";"Clarke";"Gemini";1836.00;1149.00;270.00;"Terran Confederation";"K2 III";"None"
89;"Sumn-Kp'ta";"Clarke";"Gemini";2309.00;699.00;420.00;"Terran Confederation";"M1 V";"None"
90;"Surtur";"Clarke";"Gemini";2137.00;1102.00;275.00;"Terran Confederation";"M2 V";"None"
91;"Tingerhoff";"Clarke";"Gemini";1858.00;968.00;520.00;"Terran Confederation";"M4 V";"None"
92;"Tr'Pakh";"Clarke";"Gemini";2241.00;639.00;205.00;"Terran Confederation";"O8 I";"None"
95;"Aldebran";"Potter";"Gemini";1833.00;1774.00;468.00;"Terran Confederation";"F8 V";"None"
98;"Hind's Variable N.";"Potter";"Gemini";2012.00;1695.00;286.00;"Terran Confederation";"K0 V";"None"
102;"New Constantinople";"Potter";"Gemini";1900.00;1284.00;138.00;"Terran Confederation";"M2 V";"None"
103;"New Detroit";"Potter";"Gemini";2114.00;1460.00;315.00;"Terran Confederation";"G8 III";"None"
104;"Newcastle";"Potter";"Gemini";1848.00;1444.00;386.00;"Terran Confederation";"G1 V";"None"
105;"Oxford";"Potter";"Gemini";2253.00;1776.00;265.00;"Terran Confederation";"G6 I";"None"
110;"119CE";"Humboldt";"Gemini";1683.00;1646.00;300.00;"Terran Confederation";"B1 IV";"None"
113;"Gemini";"Humboldt";"Gemini";1618.00;1319.00;329.00;"Terran Confederation";"M4 V";"None"
114;"Junction";"Humboldt";"Gemini";1452.00;1675.00;420.00;"Terran Confederation";"M3 III";"None"
120;"Pyrenees";"Humboldt";"Gemini";1267.00;1514.00;224.00;"Terran Confederation";"K8 II";"None"
121;"Troy";"Humboldt";"Gemini";1455.00;1417.00;292.00;"Terran Confederation";"A6 II";"None"
122;"Varnus";"Humboldt";"Gemini";1681.00;1380.00;343.00;"Terran Confederation";"M4 V";"None"
123;"Karing";"S'kh'haral";"Trk'Pahn";2869.00;908.00;141.00;"Kilrathi Assembly of Clans";"G9 V";"None"
125;"S'kha Rissth";"S'kh'haral";"Trk'Pahn";2702.00;1043.00;427.00;"Kilrathi Assembly of Clans";"M5 V";"None"
127;"S'kh'haral (2)";"S'kh'haral";"Trk'Pahn";2854.00;719.00;91.00;"Kilrathi Assembly of Clans";"F2 IV";"None"
131;"Sum'nH'hra";"S'kh'haral";"Trk'Pahn";2580.00;722.00;326.00;"Kilrathi Assembly of Clans";"F5 V";"None"
132;"Sum'Tlor";"S'kh'haral";"Trk'Pahn";2549.00;802.00;125.00;"Kilrathi Assembly of Clans";"F5 V";"None"
133;"T'K Tarak";"S'kh'haral";"Trk'Pahn";2503.00;1163.00;237.00;"Kilrathi Assembly of Clans";"B2 I";"None"
134;"T'K Urel";"S'kh'haral";"Trk'Pahn";2763.00;1162.00;92.00;"Kilrathi Assembly of Clans";"K5 V";"None"
135;"Zarnobian";"S'kh'haral";"Trk'Pahn";2922.00;1165.00;408.00;"Kilrathi Assembly of Clans";"K9 III";"None"
136;"Bordrav";"Tr'l H'mass";"Trk'Pahn";3278.00;1166.00;361.00;"Kilrathi Assembly of Clans";"G1 VI";"None"
139;"Tr'l H'mass (10)";"Tr'l H'mass";"Trk'Pahn";3491.00;1014.00;258.00;"Kilrathi Assembly of Clans";"K1 III";"None"
140;"Tr'l H'mass (11)";"Tr'l H'mass";"Trk'Pahn";3472.00;1172.00;430.00;"Kilrathi Assembly of Clans";"K2 II";"None"
144;"Tr'l H'mass (5)";"Tr'l H'mass";"Trk'Pahn";3486.00;681.00;403.00;"Kilrathi Assembly of Clans";"F2 III";"None"
145;"Tr'l H'mass (6)";"Tr'l H'mass";"Trk'Pahn";3071.00;915.00;322.00;"Kilrathi Assembly of Clans";"K9 V";"None"
147;"Tr'l H'mass (8)";"Tr'l H'mass";"Trk'Pahn";3382.00;897.00;355.00;"Kilrathi Assembly of Clans";"M2 V";"None"
149;"Varni";"Tr'l H'mass";"Trk'Pahn";3090.00;1115.00;104.00;"Kilrathi Assembly of Clans";"F6 V";"None"
150;"B'osc'Au";"H'hriss";"Trk'Pahn";3280.00;1565.00;279.00;"Kilrathi Assembly of Clans";"K4 V";"None"
151;"Bukrag";"H'hriss";"Trk'Pahn";3289.00;1697.00;404.00;"Kilrathi Assembly of Clans";"K8 I";"None"
153;"H'hri Som";"H'hriss";"Trk'Pahn";3511.00;1751.00;137.00;"Kilrathi Assembly of Clans";"B5 V";"None"
155;"K'Mh'han";"H'hriss";"Trk'Pahn";3227.00;1774.00;248.00;"Kilrathi Assembly of Clans";"G3 I";"None"
157;"Oargth";"H'hriss";"Trk'Pahn";3461.00;1344.00;87.00;"Kilrathi Assembly of Clans";"M3 V";"None"
158;"Sakah Trk'";"H'hriss";"Trk'Pahn";3030.00;1772.00;379.00;"Kilrathi Assembly of Clans";"K4 IV";"None"
159;"Trak'mar";"H'hriss";"Trk'Pahn";3469.00;1507.00;215.00;"Kilrathi Assembly of Clans";"F7 V";"None"
160;"Trik'Kha";"H'hriss";"Trk'Pahn";3057.00;1637.00;189.00;"Kilrathi Assembly of Clans";"K5 V";"None"
161;"Trik'Tsek";"H'hriss";"Trk'Pahn";3441.00;1658.00;350.00;"Kilrathi Assembly of Clans";"K2 VI";"None"
163;"T'set mehr / T'set Mehr";"H'hriss";"Trk'Pahn";3415.00;1759.00;292.00;"Kilrathi Assembly of Clans";"B8 III";"None"
166;"Draga";"Tr'k H'hra";"Trk'Pahn";2714.00;1444.00;316.00;"Kilrathi Assembly of Clans";"K4 V";"None"
168;"Grovsner";"Tr'k H'hra";"Trk'Pahn";2524.00;1575.00;506.00;"Grovsner Colonies";"A6 II";"None"
169;"Hilo Base";"Tr'k H'hra";"Trk'Pahn";2743.00;1744.00;290.00;"Terran Confederation";"M6 IV";"None"
170;"Khar Sum'n";"Tr'k H'hra";"Trk'Pahn";2668.00;1602.00;278.00;"Kilrathi Assembly of Clans";"A8 V";"None"
172;"K'n'T'mer";"Tr'k H'hra";"Trk'Pahn";2932.00;1460.00;344.00;"Kilrathi Assembly of Clans";"M2 V";"None"
173;"K'n'Trell";"Tr'k H'hra";"Trk'Pahn";2866.00;1641.00;389.00;"Kilrathi Assembly of Clans";"M4 V";"None"
175;"Maginot";"Tr'k H'hra";"Trk'Pahn";2446.00;1754.00;548.00;"Terran Confederation";"F7 V";"None"
176;"N'Der Pak";"Tr'k H'hra";"Trk'Pahn";2477.00;1337.00;307.00;"Kilrathi Assembly of Clans";"G7 V";"None"
178;"Roche";"Tr'k H'hra";"Trk'Pahn";2608.00;1749.00;356.00;"Terran Confederation";"B4 V";"None"
180;"Tr'k t'lon";"Tr'k H'hra";"Trk'Pahn";2413.00;1620.00;460.00;"Kilrathi Assembly of Clans";"G6 V";"None"
182;"K'vt Karh (1)";"K'vt Karh";"Vukar Tag";3641.00;690.00;293.00;"Kilrathi Assembly of Clans";"F5 V";"None"
183;"K'vt Karh (10)";"K'vt Karh";"Vukar Tag";3941.00;1081.00;212.00;"Kilrathi Assembly of Clans";"K2 III";"None"
185;"K'vt Karh (12)";"K'vt Karh";"Vukar Tag";3662.00;1107.00;407.00;"Kilrathi Assembly of Clans";"F8 VI";"None"
186;"K'vt Karh (13)";"K'vt Karh";"Vukar Tag";3802.00;1122.00;257.00;"Kilrathi Assembly of Clans";"B2 IV";"None"
187;"K'vt Karh (14)";"K'vt Karh";"Vukar Tag";4007.00;1171.00;275.00;"Kilrathi Assembly of Clans";"G4 V";"None"
188;"K'vt Karh (2)";"K'vt Karh";"Vukar Tag";3779.00;779.00;267.00;"Kilrathi Assembly of Clans";"A3 V";"None"
194;"K'vt Karh (8)";"K'vt Karh";"Vukar Tag";3970.00;923.00;226.00;"Kilrathi Assembly of Clans";"K8 V";"None"
196;"S'kur (1)";"S'kur";"Vukar Tag";4227.00;745.00;372.00;"Kilrathi Assembly of Clans";"K2 III";"None"
198;"S'kur (3)";"S'kur";"Vukar Tag";4389.00;776.00;290.00;"Kilrathi Assembly of Clans";"F7 V";"None"
199;"S'kur (4)";"S'kur";"Vukar Tag";4638.00;812.00;236.00;"Kilrathi Assembly of Clans";"F1 III";"None"
200;"S'kur (5)";"S'kur";"Vukar Tag";4513.00;852.00;369.00;"Kilrathi Assembly of Clans";"M5 V";"None"
201;"S'kur (6)";"S'kur";"Vukar Tag";4199.00;946.00;507.00;"Kilrathi Assembly of Clans";"B5 V";"None"
204;"S'kur (9)";"S'kur";"Vukar Tag";4457.00;1120.00;350.00;"Kilrathi Assembly of Clans";"A0 V";"None"
205;"Lushkag";"S'kur Tql";"Vukar Tag";4207.00;1757.00;228.00;"Kilrathi Assembly of Clans";"K0 III";"None"
208;"S'kur Tql (10)";"S'kur Tql";"Vukar Tag";4488.00;1675.00;283.00;"Kilrathi Assembly of Clans";"K8 V";"None"
210;"S'kur Tql (12)";"S'kur Tql";"Vukar Tag";4670.00;1759.00;422.00;"Kilrathi Assembly of Clans";"K8 V";"None"
211;"S'kur Tql (2)";"S'kur Tql";"Vukar Tag";4462.00;1263.00;250.00;"Kilrathi Assembly of Clans";"F3 VI";"None"
214;"S'kur Tql (5)";"S'kur Tql";"Vukar Tag";4456.00;1480.00;244.00;"Kilrathi Assembly of Clans";"K0 III";"None"
215;"S'kur Tql (6)";"S'kur Tql";"Vukar Tag";4656.00;1535.00;110.00;"Kilrathi Assembly of Clans";"K0 V";"None"
218;"S'kur Tql (9)";"S'kur Tql";"Vukar Tag";4348.00;1737.00;116.00;"Kilrathi Assembly of Clans";"O8 V";"None"
220;"Baragh";"K'vt Tag";"Vukar Tag";4116.00;1385.00;400.00;"Kilrathi Assembly of Clans";"K4 V";"None"
222;"Jugara";"K'vt Tag";"Vukar Tag";4010.00;1572.00;273.00;"Kilrathi Assembly of Clans";"A4 I";"None"
224;"K'vt Tag (2)";"K'vt Tag";"Vukar Tag";3847.00;1358.00;294.00;"Kilrathi Assembly of Clans";"B6 V";"None"
226;"K'vt Tag (4)";"K'vt Tag";"Vukar Tag";4038.00;1331.00;231.00;"Kilrathi Assembly of Clans";"K3 V";"None"
230;"T'ql H'hass";"K'vt Tag";"Vukar Tag";3805.00;1725.00;261.00;"Kilrathi Assembly of Clans";"F5 V";"None"
232;"Vukar Tag";"K'vt Tag";"Vukar Tag";3815.00;1555.00;113.00;"Kilrathi Assembly of Clans";"M5 V";"None"
233;"Gmarktu";"Quadrant 4";"Gmarktu";4878.00;1641.00;484.00;"Kilrathi Assembly of Clans";"M6 I";"None"
234;"Barns";"Saab";"Hawking";531.00;2296.00;281.00;"Terran Confederation";"O9 V";"None"
235;"Brown";"Saab";"Hawking";343.00;2366.00;304.00;"Terran Confederation";"K7 V";"None"
236;"Brunet";"Saab";"Hawking";420.00;2149.00;331.00;"Terran Confederation";"A8 VI";"None"
237;"Priest";"Saab";"Hawking";311.00;2160.00;473.00;"Terran Confederation";"A9 V";"None"
241;"Waldrip";"Saab";"Hawking";548.00;2046.00;289.00;"Terran Confederation";"G6 V";"None"
244;"Gilmore";"Gegarin";"Hawking";934.00;1905.00;307.00;"Terran Confederation";"A3 VI";"None"
251;"Korolyov";"Gegarin";"Hawking";795.00;2154.00;261.00;"Terran Confederation";"F7 V";"None"
252;"Leonov";"Gegarin";"Hawking";683.00;2034.00;114.00;"Terran Confederation";"A8 V";"None"
253;"Marie";"Gegarin";"Hawking";1050.00;1966.00;478.00;"Terran Confederation";"K4 V";"None"
254;"New Baikal";"Gegarin";"Hawking";634.00;2241.00;407.00;"Terran Confederation";"K1 III";"None"
255;"Titov";"Gegarin";"Hawking";862.00;2282.00;246.00;"Terran Confederation";"K4 III";"None"
260;"Armstrong";"Hubble";"Hawking";647.00;2862.00;371.00;"Terran Confederation";"A0 V";"None"
261;"Chandley";"Hubble";"Hawking";984.00;2978.00;75.00;"Terran Confederation";"F4 V";"None"
263;"Eagle Base";"Hubble";"Hawking";983.00;2865.00;188.00;"Terran Confederation";"G4 V";"None"
266;"Grissom";"Hubble";"Hawking";798.00;2969.00;176.00;"Terran Confederation";"A9 V";"None"
267;"Hawking";"Hubble";"Hawking";979.00;2757.00;234.00;"Terran Confederation";"K8 III";"None"
268;"Ivan's Folly";"Hubble";"Hawking";1067.00;2489.00;183.00;"Terran Confederation";"A3 III";"None"
270;"Newton";"Hubble";"Hawking";831.00;2629.00;406.00;"Terran Confederation";"G7 I";"None"
271;"Outreach";"Hubble";"Hawking";644.00;2609.00;272.00;"Terran Confederation";"M7 III";"None"
273;"Sagan";"Hubble";"Hawking";861.00;2487.00;354.00;"Terran Confederation";"M4 V";"None"
274;"Shepard";"Hubble";"Hawking";1079.00;2950.00;250.00;"Terran Confederation";"M8 VI";"None"
278;"David";"Ladyman";"Hawking";345.00;2844.00;258.00;"Terran Confederation";"K8 V";"None"
279;"Manhavier";"Ladyman";"Hawking";521.00;2617.00;331.00;"Terran Confederation";"A7 V";"None"
283;"Sommers";"Ladyman";"Hawking";432.00;2964.00;330.00;"Terran Confederation";"F7 V";"None"
285;"Aquila";"Petrov";"Sol";1459.00;1876.00;448.00;"Terran Confederation";"B4 V";"None"
286;"Bernard's Star / Barnard's Star";"Petrov";"Sol";1456.00;2365.00;300.00;"Terran Confederation";"M8 V";"None"
290;"Grimstad";"Petrov";"Sol";1350.00;2006.00;415.00;"Terran Confederation";"O9 V";"None"
293;"Lenin";"Petrov";"Sol";1234.00;1991.00;141.00;"Terran Confederation";"A2 V";"None"
294;"Minsk";"Petrov";"Sol";1221.00;2169.00;86.00;"Terran Confederation";"M6 I";"None"
295;"Morone";"Petrov";"Sol";1361.00;2255.00;299.00;"Terran Confederation";"K9 V";"None"
297;"Procyon";"Petrov";"Sol";1677.00;2191.00;307.00;"Terran Confederation";"B9 V";"None"
298;"Ross 154";"Petrov";"Sol";1519.00;2249.00;363.00;"Terran Confederation";"K4 V";"None"
299;"Zeta Orionis";"Petrov";"Sol";1681.00;2319.00;229.00;"Terran Confederation";"G4 V";"None"
300;"Alpha Centauri";"Terra";"Sol";1920.00;2292.00;301.00;"Terran Confederation";"M6 I";"None"
301;"Arcturus";"Terra";"Sol";2008.00;2101.00;245.00;"Terran Confederation";"K6 III";"None"
303;"Camelot";"Terra";"Sol";1860.00;1887.00;479.00;"Terran Confederation";"B4 V";"None"
304;"Celeste";"Terra";"Sol";1995.00;1985.00;324.00;"Terran Confederation";"K6 IV";"None"
306;"Mastif";"Terra";"Sol";2214.00;1964.00;125.00;"Terran Confederation";"F8 V";"None"
307;"Mauer";"Terra";"Sol";2150.00;2092.00;435.00;"Terran Confederation";"O8 III";"None"
309;"Proxima Centauri";"Terra";"Sol";1981.00;2254.00;331.00;"Terran Confederation";"F8 V";"None"
310;"Ross 248";"Terra";"Sol";1814.00;2107.00;434.00;"Terran Confederation";"G6 V";"None"
311;"Sirius";"Terra";"Sol";2080.00;2336.00;222.00;"Terran Confederation";"G2 V";"None"
312;"Sol";"Terra";"Sol";1827.00;2341.00;90.00;"Terran Confederation";"M3 III";"None"
315;"Weslyn";"Terra";"Sol";2285.00;2313.00;310.00;"Terran Confederation";"F2 III";"None"
316;"Beacon";"Vearrier";"Sol";2305.00;2840.00;166.00;"Terran Confederation";"K3 III";"None"
319;"Canarus";"Vearrier";"Sol";2160.00;2911.00;269.00;"Terran Confederation";"B8 V";"None"
321;"Cygnus";"Vearrier";"Sol";2037.00;2517.00;239.00;"Terran Confederation";"M9 III";"None"
322;"E-Erandi";"Vearrier";"Sol";1984.00;2824.00;404.00;"Terran Confederation";"K7 V";"None"
324;"Ella";"Vearrier";"Sol";1929.00;2944.00;391.00;"Terran Confederation";"A3 V";"None"
326;"Frase";"Vearrier";"Sol";2037.00;2678.00;454.00;"Terran Confederation";"G1 V";"None"
331;"61 Cygni";"Roan";"Sol";1307.00;2963.00;458.00;"Terran Confederation";"K6 V";"None"
332;"Agder";"Roan";"Sol";1602.00;2829.00;261.00;"Terran Confederation";"B9 V";"None"
333;"Alpha Tauri";"Roan";"Sol";1392.00;2662.00;328.00;"Terran Confederation";"K7 V";"None"
341;"Polaris";"Roan";"Sol";1686.00;2506.00;367.00;"Terran Confederation";"F7 IV";"None"
343;"Ross 51G";"Roan";"Sol";1276.00;2481.00;223.00;"Terran Confederation";"A6 V";"None"
344;"Tingvallir";"Roan";"Sol";1718.00;2681.00;358.00;"Terran Confederation";"G3 V";"None"
345;"Todd";"Roan";"Sol";1296.00;2793.00;446.00;"Terran Confederation";"K4 V";"None"
347;"Wolf 119";"Roan";"Sol";1230.00;2908.00;286.00;"Terran Confederation";"B1 V";"None"
349;"Able";"Douglas";"Vega";2424.00;1881.00;329.00;"Terran Confederation";"B5 V";"None"
351;"Chengdu / Cheng-Du";"Douglas";"Vega";2880.00;2243.00;245.00;"Terran Confederation";"F2 V";"None"
352;"Eddings";"Douglas";"Vega";2537.00;2301.00;305.00;"Terran Confederation";"M0 III";"None"
353;"Gateway";"Douglas";"Vega";2671.00;2219.00;385.00;"Terran Confederation";"G6 V";"None"
354;"Hubble's Star";"Douglas";"Vega";2751.00;2166.00;533.00;"Terran Confederation";"B1 V";"None"
360;"Plummer";"Douglas";"Vega";2552.00;2017.00;369.00;"Terran Confederation";"O5 III";"None"
361;"Port Hedland";"Douglas";"Vega";2961.00;1938.00;419.00;"Terran Confederation";"M1 V";"None"
362;"Proxima";"Douglas";"Vega";2457.00;2372.00;407.00;"Terran Confederation";"M7 V";"None"
363;"Vega / Krat'na";"Douglas";"Vega";2873.00;2317.00;367.00;"Terran Confederation";"F9 V";"None"
364;"Warsaw";"Douglas";"Vega";2817.00;2031.00;272.00;"Terran Confederation";"K7 V";"None"
365;"Xanadu";"Douglas";"Vega";2522.00;2102.00;314.00;"Terran Confederation";"K7 V";"None"
366;"Alcor";"Roberts";"Vega";3053.00;2308.00;218.00;"Terran Confederation";"M3 V";"None"
370;"Brimstone";"Roberts";"Vega";3060.00;2229.00;249.00;"Terran Confederation";"F2 V";"None"
371;"Cairo";"Roberts";"Vega";2245.00;2303.00;431.00;"Terran Confederation";"K4 II";"None"
372;"Chang-Cu";"Roberts";"Vega";3107.00;2118.00;524.00;"Terran Confederation";"K6 V";"None"
373;"Dakota";"Roberts";"Vega";3251.00;2063.00;223.00;"Union of Border Worlds";"K7 VI";"None"
374;"Freya";"Roberts";"Vega";3498.00;2112.00;206.00;"Kilrathi Assembly of Clans";"B6 V";"None"
376;"Hellespont";"Roberts";"Vega";3453.00;2206.00;494.00;"Union of Border Worlds";"K7 V";"None"
377;"K'rissth";"Roberts";"Vega";3477.00;1984.00;108.00;"Kilrathi Assembly of Clans";"M1 II";"None"
379;"Tartarus";"Roberts";"Vega";3420.00;1920.00;307.00;"Union of Border Worlds";"F7 III";"None"
380;"Trimble";"Roberts";"Vega";3018.00;2363.00;133.00;"Terran Confederation";"K7 IV";"None"
381;"Warhammer";"Roberts";"Vega";3487.00;2363.00;135.00;"Kilrathi Assembly of Clans";"M4 III";"None"
382;"Elohim";"Downing";"Vega";3162.00;2978.00;396.00;"Union of Border Worlds";"M7 V";"None"
383;"Gimle";"Downing";"Vega";3224.00;2627.00;265.00;"Terran Confederation";"K5 III";"None"
384;"G'wrikath";"Downing";"Vega";3519.00;2624.00;427.00;"Kilrathi Assembly of Clans";"F7 V";"None"
385;"Hawkins";"Downing";"Vega";3455.00;2928.00;179.00;"Kilrathi Assembly of Clans";"M0 IV";"None"
386;"Hyperion";"Downing";"Vega";3518.00;2483.00;190.00;"Kilrathi Assembly of Clans";"F9 V";"None"
387;"K'n'Meth";"Downing";"Vega";3517.00;2757.00;490.00;"Kilrathi Assembly of Clans";"B5 V";"None"
388;"K'n'Rek";"Downing";"Vega";3432.00;2827.00;308.00;"Kilrathi Assembly of Clans";"O8 I";"None"
389;"Kurasawa / Warach Tha";"Downing";"Vega";3357.00;2507.00;229.00;"Union of Border Worlds";"K4 V";"None"
390;"Loki VI / Loki";"Downing";"Vega";3193.00;2751.00;254.00;"Union of Border Worlds";"K9 V";"None"
392;"N'Dele";"Downing";"Vega";3512.00;2977.00;354.00;"Kilrathi Assembly of Clans";"O4 II";"None"
393;"Nephele";"Downing";"Vega";3353.00;2657.00;306.00;"Union of Border Worlds";"F3 V";"None"
394;"Nifelheim";"Downing";"Vega";3230.00;2911.00;41.00;"Union of Border Worlds";"M5 III";"None"
395;"Rostov";"Downing";"Vega";3018.00;2640.00;171.00;"Terran Confederation";"M7 V";"None"
396;"Segallion";"Downing";"Vega";3035.00;2881.00;423.00;"Union of Border Worlds";"M6 III";"None"
397;"Tyr";"Downing";"Vega";3436.00;2523.00;298.00;"Union of Border Worlds";"F0 V";"None"
398;"Venice / Kharak Tar";"Downing";"Vega";3280.00;2471.00;290.00;"Terran Confederation";"M7 V";"None"
399;"Ymir";"Downing";"Vega";3287.00;2834.00;169.00;"Union of Border Worlds";"F8 III";"None"
401;"Alliance";"Day";"Vega";2528.00;2756.00;235.00;"Terran Confederation";"F4 V";"None"
402;"Ariel";"Day";"Vega";2802.00;2952.00;165.00;"Terran Confederation";"A9 III";"None"
403;"Blackmane";"Day";"Vega";2664.00;2639.00;121.00;"Terran Confederation";"A1 V";"None"
404;"Blytheheart";"Day";"Vega";2523.00;2848.00;343.00;"Terran Confederation";"B6 I";"None"
405;"Caliban";"Day";"Vega";2890.00;2978.00;185.00;"Terran Confederation";"B8 III";"None"
406;"Cambria";"Day";"Vega";2527.00;2590.00;465.00;"Terran Confederation";"M9 III";"None"
408;"Delius";"Day";"Vega";2898.00;2835.00;147.00;"Terran Confederation";"F2 V";"None"
410;"Enyo";"Day";"Vega";2702.00;2491.00;297.00;"Terran Confederation";"K1 III";"None"
411;"Hell's Kitchen / Apocalyse";"Day";"Vega";2703.00;2574.00;505.00;"Terran Confederation";"B9 V";"None"
412;"Krieger";"Day";"Vega";2437.00;2490.00;342.00;"Terran Confederation";"M5 V";"None"
415;"McDaniel's World";"Day";"Vega";2406.00;2895.00;372.00;"Terran Confederation";"B7 V";"None"
416;"Midpoint";"Day";"Vega";2592.00;2912.00;128.00;"Terran Confederation";"K7 I";"None"
417;"Montrose";"Day";"Vega";2782.00;2756.00;357.00;"Terran Confederation";"G8 IV";"None"
418;"Pephedro";"Day";"Vega";2897.00;2657.00;470.00;"Terran Confederation";"G5 V";"None"
419;"Tali";"Day";"Vega";2603.00;2815.00;261.00;"Terran Confederation";"F8 V";"None"
420;"Tamayo";"Day";"Vega";2495.00;2968.00;468.00;"Terran Confederation";"G4 III";"None"
421;"Gmar / G'mar";"Kur'u-Pak";"Kilrah";3854.00;2333.00;335.00;"Kilrathi Assembly of Clans";"M4 V";"None"
425;"Khark-Pa";"Kur'u-Pak";"Kilrah";4018.00;1932.00;359.00;"Kilrathi Assembly of Clans";"B7 V";"None"
426;"K'hrissak";"Kur'u-Pak";"Kilrah";3843.00;1943.00;522.00;"Kilrathi Assembly of Clans";"K7 VI";"None"
430;"K'n'Kir";"Kur'u-Pak";"Kilrah";3625.00;2076.00;421.00;"Kilrathi Assembly of Clans";"F8 V";"None"
432;"K'ssak";"Kur'u-Pak";"Kilrah";3758.00;2019.00;228.00;"Kilrathi Assembly of Clans";"B1 V";"None"
434;"K'Tkhur M'etrh'Kuru";"Kur'u-Pak";"Kilrah";3625.00;1874.00;180.00;"Kilrathi Assembly of Clans";"M2 V";"None"
436;"T'Agg A'Bren";"Kur'u-Pak";"Kilrah";3842.00;2130.00;201.00;"Kilrathi Assembly of Clans";"B3 V";"None"
437;"T'lan Meth";"Kur'u-Pak";"Kilrah";3699.00;2235.00;304.00;"Kilrathi Assembly of Clans";"G6 V";"None"
439;"Kilrah";"Kur'u'khag";"Kilrah";4238.00;2308.00;435.00;"Kilrathi Assembly of Clans";"B4 V";"None"
441;"Kur'u'khag (10)";"Kur'u'khag";"Kilrah";4422.00;2315.00;168.00;"Kilrathi Assembly of Clans";"F2 III";"None"
443;"Kur'u'khag (3)";"Kur'u'khag";"Kilrah";4656.00;1853.00;443.00;"Kilrathi Assembly of Clans";"K3 V";"None"
444;"Kur'u'khag (4)";"Kur'u'khag";"Kilrah";4309.00;1949.00;221.00;"Kilrathi Assembly of Clans";"K9 III";"None"
445;"Kur'u'khag (5)";"Kur'u'khag";"Kilrah";4541.00;1998.00;212.00;"Kilrathi Assembly of Clans";"M1 III";"None"
447;"Kur'u'khag (7)";"Kur'u'khag";"Kilrah";4576.00;2247.00;261.00;"Kilrathi Assembly of Clans";"K3 V";"None"
448;"Kur'u'khag (8)";"Kur'u'khag";"Kilrah";4691.00;2224.00;335.00;"Kilrathi Assembly of Clans";"K8 V";"None"
450;"Tr'Kpa";"Kur'u'khag";"Kilrah";4379.00;2238.00;391.00;"Kilrathi Assembly of Clans";"M6 V";"None"
452;"Eyoka";"Kur'U'Tak";"Kilrah";4603.00;2824.00;353.00;"Kilrathi Assembly of Clans";"M2 V";"None"
453;"Ja'targk";"Kur'U'Tak";"Kilrah";4567.00;2629.00;128.00;"Kilrathi Assembly of Clans";"K5 III";"None"
455;"Ka";"Kur'U'Tak";"Kilrah";4352.00;2863.00;342.00;"Kilrathi Assembly of Clans";"M1 III";"None"
457;"Kur'U'Tak (2)";"Kur'U'Tak";"Kilrah";4702.00;2492.00;342.00;"Kilrathi Assembly of Clans";"K5 V";"None"
460;"Kur'U'Tak (5)";"Kur'U'Tak";"Kilrah";4406.00;2960.00;429.00;"Kilrathi Assembly of Clans";"A4 V";"None"
461;"Kur'U'Tak (6)";"Kur'U'Tak";"Kilrah";4622.00;2963.00;247.00;"Kilrathi Assembly of Clans";"K6 V";"None"
463;"Kur'U'Tak (8)";"Kur'U'Tak";"Kilrah";4357.00;2666.00;153.00;"Kilrathi Assembly of Clans";"B1 III";"None"
465;"Som'mers";"Kur'U'Tak";"Kilrah";4537.00;2966.00;317.00;"Kilrathi Assembly of Clans";"K8 I";"None"
467;"Dhollas";"Kur'u Caxki";"Kilrah";3777.00;2946.00;339.00;"Kilrathi Assembly of Clans";"G0 VI";"None"
469;"Ghoran";"Kur'u Caxki";"Kilrah";3935.00;2546.00;229.00;"Kilrathi Assembly of Clans";"F4 IV";"None"
470;"G'wriss / Kr'azna";"Kur'u Caxki";"Kilrah";3657.00;2575.00;207.00;"Kilrathi Assembly of Clans";"B5 V";"None"
471;"Hhrass / H'hrass";"Kur'u Caxki";"Kilrah";3664.00;2490.00;286.00;"Kilrathi Assembly of Clans";"K9 II";"None"
472;"Hhrass T'Ghor";"Kur'u Caxki";"Kilrah";3630.00;2822.00;181.00;"Kilrathi Assembly of Clans";"K4 III";"None"
473;"H'rekkah";"Kur'u Caxki";"Kilrah";3612.00;2746.00;453.00;"Kilrathi Assembly of Clans";"M7 V";"None"
474;"Kher-za";"Kur'u Caxki";"Kilrah";3920.00;2688.00;234.00;"Kilrathi Assembly of Clans";"K2 V";"None"
475;"Khirg";"Kur'u Caxki";"Kilrah";4109.00;2750.00;190.00;"Kilrathi Assembly of Clans";"K3 V";"None"
480;"K'za-Ha'duhm";"Kur'u Caxki";"Kilrah";4004.00;2887.00;266.00;"Kilrathi Assembly of Clans";"O4 V";"None"
481;"M'hriss";"Kur'u Caxki";"Kilrah";4031.00;2452.00;77.00;"Kilrathi Assembly of Clans";"K5 VI";"None"
482;"M'shren";"Kur'u Caxki";"Kilrah";3918.00;2451.00;328.00;"Kilrathi Assembly of Clans";"A4 V";"None"
483;"N'Ryllis";"Kur'u Caxki";"Kilrah";3907.00;2796.00;275.00;"Kilrathi Assembly of Clans";"K5 V";"None"
485;"Tal'q";"Kur'u Caxki";"Kilrah";4099.00;2539.00;424.00;"Kilrathi Assembly of Clans";"F8 III";"None"
486;"Tsahl";"Kur'u Caxki";"Kilrah";4104.00;2884.00;335.00;"Kilrathi Assembly of Clans";"G6 III";"None"
490;"Hari 1 (1)";"Quadrant 1";"Hari";4821.00;2364.00;438.00;"Kilrathi Assembly of Clans";"A2 I";"None"
491;"Hari 1 (2)";"Quadrant 1";"Hari";4949.00;2307.00;221.00;"Kilrathi Assembly of Clans";"A7 IV";"None"
493;"Hari 1 (4)";"Quadrant 1";"Hari";5115.00;2291.00;91.00;"Kilrathi Assembly of Clans";"M0 V";"None"
495;"Hari 1 (6)";"Quadrant 1";"Hari";5214.00;2363.00;277.00;"Kilrathi Assembly of Clans";"B8 I";"None"
497;"Hari 2 (1)";"Quadrant 2";"Hari";5411.00;2031.00;329.00;"Kilrathi Assembly of Clans";"K3 V";"None"
499;"Hari";"Quadrant 3";"Hari";5873.00;2487.00;380.00;"Kilrathi Assembly of Clans";"K2 III";"None"
500;"Hari 3 (1)";"Quadrant 3";"Hari";5447.00;2698.00;215.00;"Kilrathi Assembly of Clans";"M8 III";"None"
502;"Hari 3 (3)";"Quadrant 3";"Hari";5657.00;2757.00;202.00;"Kilrathi Assembly of Clans";"A8 III";"None"
505;"Hari 3 (6)";"Quadrant 3";"Hari";5869.00;2711.00;88.00;"Kilrathi Assembly of Clans";"M0 I";"None"
507;"Hari 4 (1)";"Quadrant 4";"Hari";5252.00;2508.00;409.00;"Kilrathi Assembly of Clans";"G7 V";"None"
509;"Hari 4 (3)";"Quadrant 4";"Hari";5001.00;2619.00;242.00;"Kilrathi Assembly of Clans";"B1 III";"None"
511;"Hari 4 (5)";"Quadrant 4";"Hari";5006.00;2823.00;482.00;"Kilrathi Assembly of Clans";"M3 V";"None"
513;"Hari 4 (7)";"Quadrant 4";"Hari";5225.00;2937.00;251.00;"Kilrathi Assembly of Clans";"K8 II";"None"
515;"Hari 4 (9)";"Quadrant 4";"Hari";4806.00;2981.00;122.00;"Kilrathi Assembly of Clans";"K3 III";"None"
518;"Prem";"Savage";"Argent";250.00;3512.00;155.00;"Terran Confederation";"F7 IV";"None"
519;"Ray";"Savage";"Argent";412.00;3286.00;305.00;"Terran Confederation";"K1 I";"None"
524;"Brookes";"Shelus";"Argent";1021.00;3442.00;346.00;"Terran Confederation";"F5 V";"None"
525;"Coppock";"Shelus";"Argent";694.00;3594.00;169.00;"Terran Confederation";"O8 V";"None"
527;"Destiny";"Shelus";"Argent";817.00;3167.00;544.00;"Terran Confederation";"K8 V";"None"
528;"Gobeski";"Shelus";"Argent";787.00;3549.00;214.00;"Terran Confederation";"M8 III";"None"
529;"Hardwicke";"Shelus";"Argent";718.00;3262.00;265.00;"Terran Confederation";"K4 IV";"None"
530;"Kebie";"Shelus";"Argent";1030.00;3585.00;293.00;"Terran Confederation";"A8 V";"None"
531;"Lesnick";"Shelus";"Argent";650.00;3364.00;173.00;"Terran Confederation";"K0 I";"None"
540;"Alderson";"Hughes";"Argent";736.00;4085.00;194.00;"Terran Confederation";"G2 V";"None"
542;"Argent";"Hughes";"Argent";845.00;3716.00;325.00;"Terran Confederation";"G7 V";"None"
543;"Benford";"Hughes";"Argent";1010.00;4054.00;393.00;"Terran Confederation";"G9 III";"None"
548;"Hidebeidel";"Hughes";"Argent";850.00;4079.00;297.00;"Terran Confederation";"M2 V";"None"
556;"Tucanae";"Hughes";"Argent";742.00;3800.00;431.00;"Terran Confederation";"K3 V";"None"
557;"Everett";"Rod";"Argent";476.00;3847.00;276.00;"Terran Confederation";"F6 III";"None"
558;"Karpiak";"Rod";"Argent";181.00;4026.00;490.00;"Terran Confederation";"M7 V";"None"
560;"New Hope";"Rod";"Argent";408.00;4106.00;565.00;"Terran Confederation";"K1 V";"None"
564;"Venture";"Rod";"Argent";487.00;4183.00;268.00;"Terran Confederation";"G5 V";"None"
566;"Brin";"Asimov";"Enigma";1544.00;3098.00;408.00;"Terran Confederation";"M0 V";"None"
574;"Gibson";"Asimov";"Enigma";1435.00;3369.00;67.00;"Terran Confederation";"K1 III";"None"
576;"Midian";"Asimov";"Enigma";1615.00;3175.00;259.00;"Terran Confederation";"A0 V";"None"
577;"Piper";"Asimov";"Enigma";1401.00;3153.00;218.00;"Terran Confederation";"M1 V";"None"
578;"Pohl";"Asimov";"Enigma";1226.00;3104.00;382.00;"Terran Confederation";"F0 V";"None"
579;"Pournelle";"Asimov";"Enigma";1261.00;3186.00;256.00;"Terran Confederation";"M8 III";"None"
581;"Salayna";"Asimov";"Enigma";1603.00;3427.00;340.00;"Terran Confederation";"G7 V";"None"
582;"Sterling";"Asimov";"Enigma";1712.00;3576.00;324.00;"Terran Confederation";"K4 V";"None"
583;"Vonnegut";"Asimov";"Enigma";1450.00;3505.00;226.00;"Terran Confederation";"M7 V";"None"
585;"Axius / Axis";"Grills";"Enigma";2050.00;3322.00;223.00;"Terran Confederation";"K0 V";"None"
587;"Callimachus / Callmachius";"Grills";"Enigma";1820.00;3339.00;240.00;"Terran Confederation";"O7 V";"None"
591;"Heaven's Gate";"Grills";"Enigma";1873.00;3457.00;179.00;"Terran Confederation";"K8 I";"None"
592;"Hilleman";"Grills";"Enigma";1930.00;3225.00;107.00;"Terran Confederation";"K7 V";"None"
594;"Niffleheim";"Grills";"Enigma";2027.00;3420.00;495.00;"Terran Confederation";"M6 III";"None"
595;"Novaya Kiev";"Grills";"Enigma";2170.00;3472.00;146.00;"Terran Confederation";"K6 I";"None"
596;"Pembroke";"Grills";"Enigma";2222.00;3255.00;328.00;"Terran Confederation";"G6 V";"None"
597;"Speradon / Speardon";"Grills";"Enigma";2265.00;3357.00;433.00;"Terran Confederation";"G5 V";"None"
599;"Vespus";"Grills";"Enigma";2108.00;3155.00;380.00;"Terran Confederation";"K4 V";"None"
600;"Bradbury";"Isaac";"Enigma";1949.00;4147.00;183.00;"Union of Border Worlds";"M6 VI";"None"
601;"Enigma";"Isaac";"Enigma";1840.00;3922.00;425.00;"Terran Confederation";"M7 III";"None"
602;"Ghorah Khar";"Isaac";"Enigma";2261.00;3832.00;451.00;"Kilrathi Assembly of Clans";"K6 V";"None"
603;"Gwynedd";"Isaac";"Enigma";2091.00;3894.00;312.00;"Terran Confederation";"K6 V";"None"
605;"K'arakh";"Isaac";"Enigma";2331.00;4012.00;287.00;"Kilrathi Assembly of Clans";"A1 VI";"None"
606;"K'tithrak Mang / K'Tithrak Mang";"Isaac";"Enigma";2289.00;4112.00;343.00;"Kilrathi Assembly of Clans";"G2 V";"None"
608;"Niven";"Isaac";"Enigma";1962.00;3724.00;144.00;"Terran Confederation";"A6 III";"None"
609;"Racene";"Isaac";"Enigma";2305.00;3945.00;225.00;"Union of Border Worlds";"K3 V";"None"
611;"Repleetah";"Isaac";"Enigma";2057.00;4193.00;332.00;"Union of Border Worlds";"K1 III";"None"
617;"Zelanzny";"Isaac";"Enigma";2045.00;3947.00;465.00;"Terran Confederation";"A1 IV";"None"
620;"Blake";"Roddenberry";"Enigma";1629.00;3826.00;62.00;"Terran Confederation";"O7 I";"None"
621;"Drake";"Roddenberry";"Enigma";1333.00;4043.00;284.00;"Terran Confederation";"F8 V";"None"
622;"Dyson";"Roddenberry";"Enigma";1414.00;3749.00;182.00;"Terran Confederation";"M4 I";"None"
625;"Halderman";"Roddenberry";"Enigma";1233.00;3806.00;341.00;"Terran Confederation";"K3 V";"None"
626;"Heinlein";"Roddenberry";"Enigma";1577.00;3915.00;313.00;"Terran Confederation";"O8 V";"None"
629;"Lucas";"Roddenberry";"Enigma";1564.00;4079.00;278.00;"Terran Confederation";"F6 III";"None"
630;"McCaffrey";"Roddenberry";"Enigma";1694.00;4193.00;287.00;"Union of Border Worlds";"K4 V";"None"
633;"Steakly";"Roddenberry";"Enigma";1385.00;4127.00;372.00;"Terran Confederation";"F7 III";"None"
635;"Wetland";"Roddenberry";"Enigma";1699.00;4108.00;376.00;"Union of Border Worlds";"B3 I";"None"
636;"Ayers";"Deneb";"Epsilon";2877.00;3569.00;211.00;"Union of Border Worlds";"F8 V";"None"
637;"Canewdon";"Deneb";"Epsilon";2770.00;3352.00;37.00;"Union of Border Worlds";"K6 V";"None"
638;"Chanel";"Deneb";"Epsilon";2456.00;3451.00;242.00;"Union of Border Worlds";"K4 V";"None"
639;"Deneb";"Deneb";"Epsilon";2740.00;3150.00;473.00;"Union of Border Worlds";"M7 V";"None"
640;"Epsilon Prime / Epsilon Prima";"Deneb";"Epsilon";2564.00;3547.00;254.00;"Union of Border Worlds";"G6 V";"None"
641;"Goddard";"Deneb";"Epsilon";2587.00;3247.00;240.00;"Terran Confederation";"F9 IV";"None"
645;"Morpheus";"Deneb";"Epsilon";2470.00;3263.00;106.00;"Terran Confederation";"B1 III";"None"
646;"Orestes";"Deneb";"Epsilon";2834.00;3422.00;323.00;"Union of Border Worlds";"K7 III";"None"
647;"Orsini / Orsine";"Deneb";"Epsilon";2497.00;3137.00;204.00;"Terran Confederation";"K5 V";"None"
648;"Peleus";"Deneb";"Epsilon";2540.00;3379.00;427.00;"Union of Border Worlds";"A3 V";"None"
651;"Ross 34F";"Deneb";"Epsilon";2729.00;3546.00;234.00;"Union of Border Worlds";"K7 III";"None"
652;"Tangier";"Deneb";"Epsilon";2548.00;3195.00;384.00;"Terran Confederation";"M0 III";"None"
653;"Torgo / Ko'Bar Yagar";"Deneb";"Epsilon";2792.00;3215.00;326.00;"Union of Border Worlds";"M6 V";"None"
656;"Cephid 17";"Sa'Kahn";"Epsilon";3462.00;3536.00;370.00;"Kilrathi Assembly of Clans";"B8 V";"None"
659;"Masa";"Sa'Kahn";"Epsilon";3352.00;3117.00;164.00;"Union of Border Worlds";"G6 V";"None"
660;"Pasqual";"Sa'Kahn";"Epsilon";3188.00;3420.00;352.00;"Kilrathi Assembly of Clans";"M6 V";"None"
661;"Qual'lat";"Sa'Kahn";"Epsilon";3525.00;3204.00;234.00;"Kilrathi Assembly of Clans";"F4 V";"None"
664;"T'kon";"Sa'Kahn";"Epsilon";3331.00;3351.00;375.00;"Kilrathi Assembly of Clans";"A4 IV";"None"
667;"T'Rel Meh";"Sa'Kahn";"Epsilon";3050.00;3481.00;219.00;"Kilrathi Assembly of Clans";"F4 V";"None"
668;"Ulsima";"Sa'Kahn";"Epsilon";3259.00;3144.00;262.00;"Union of Border Worlds";"F2 V";"None"
669;"Valgard";"Sa'Kahn";"Epsilon";3232.00;3566.00;186.00;"Kilrathi Assembly of Clans";"B8 III";"None"
670;"Verula";"Sa'Kahn";"Epsilon";3105.00;3083.00;540.00;"Union of Border Worlds";"F5 V";"None"
674;"Bifrost";"Tr'L Rass";"Epsilon";3434.00;3889.00;305.00;"Kilrathi Assembly of Clans";"F9 VI";"None"
677;"Jakal";"Tr'L Rass";"Epsilon";3464.00;4129.00;292.00;"Kilrathi Assembly of Clans";"M5 VI";"None"
678;"Jakarta";"Tr'L Rass";"Epsilon";3400.00;3996.00;300.00;"Kilrathi Assembly of Clans";"F7 III";"None"
679;"Jotunheim";"Tr'L Rass";"Epsilon";3259.00;3840.00;213.00;"Kilrathi Assembly of Clans";"M5 II";"None"
680;"Kabla Meth";"Tr'L Rass";"Epsilon";3040.00;3741.00;381.00;"Kilrathi Assembly of Clans";"K6 V";"None"
684;"Tr'L Rass (2)";"Tr'L Rass";"Epsilon";3515.00;3713.00;171.00;"Kilrathi Assembly of Clans";"F8 V";"None"
686;"Antares";"Antares";"Epsilon";2620.00;3893.00;149.00;"Union of Border Worlds";"K8 V";"None"
687;"Bistangio / Bistango";"Antares";"Epsilon";2436.00;3835.00;519.00;"Union of Border Worlds";"F4 V";"None"
688;"Charon";"Antares";"Epsilon";2858.00;3688.00;287.00;"Kilrathi Assembly of Clans";"B7 V";"None"
689;"Circe";"Antares";"Epsilon";2420.00;3669.00;396.00;"Union of Border Worlds";"K4 V";"None"
690;"Corsair";"Antares";"Epsilon";2897.00;3884.00;409.00;"Kilrathi Assembly of Clans";"M5 V";"None"
691;"D'vd tang";"Antares";"Epsilon";2820.00;4051.00;399.00;"Kilrathi Assembly of Clans";"K1 V";"None"
692;"Firekka";"Antares";"Epsilon";2708.00;3892.00;203.00;"Firekkan Planetary Alliance";"G4 III";"None"
693;"Granita";"Antares";"Epsilon";2556.00;3705.00;389.00;"Union of Border Worlds";"G8 V";"None"
695;"Khar-Sa";"Antares";"Epsilon";2634.00;4137.00;391.00;"Kilrathi Assembly of Clans";"G2 III";"None"
696;"K'k Than";"Antares";"Epsilon";2611.00;4043.00;204.00;"Kilrathi Assembly of Clans";"F2 III";"None"
697;"K'ta Mek";"Antares";"Epsilon";2692.00;3754.00;183.00;"Kilrathi Assembly of Clans";"B4 V";"None"
699;"Natanya / N'Tanya";"Antares";"Epsilon";2649.00;3973.00;256.00;"Kilrathi Assembly of Clans";"A7 V";"None"
700;"Shariha";"Antares";"Epsilon";2423.00;4023.00;278.00;"Kilrathi Assembly of Clans";"A0 III";"None"
701;"Sharm";"Antares";"Epsilon";2451.00;3768.00;274.00;"Kilrathi Assembly of Clans";"M2 V";"None"
703;"Tau Ceti";"Antares";"Epsilon";2746.00;3703.00;440.00;"Terran Confederation";"K6 V";"None"
705;"Trafalgar";"Antares";"Epsilon";2428.00;3941.00;294.00;"Union of Border Worlds";"B6 III";"None"
706;"Tv'x Aq";"Antares";"Epsilon";2432.00;4190.00;253.00;"Kilrathi Assembly of Clans";"G7 V";"None"
707;"Veratek";"Antares";"Epsilon";2577.00;3789.00;196.00;"Terran Confederation";"B4 V";"None"
708;"Veronica";"Antares";"Epsilon";2546.00;3840.00;301.00;"Union of Border Worlds";"A8 V";"None"
710;"Gorth";"Tr'K H'hra ?";"M'Shrak";3714.00;3347.00;261.00;"Kilrathi Assembly of Clans";"A4 I";"None"
711;"Hhallas";"Tr'K H'hra ?";"M'Shrak";4065.00;3082.00;276.00;"Kilrathi Assembly of Clans";"K3 V";"None"
713;"Tr'K H'hra (2)";"Tr'K H'hra ?";"M'Shrak";3865.00;3113.00;279.00;"Kilrathi Assembly of Clans";"G3 III";"None"
725;"Kur'u Som'Mers (5)";"Kur'u Som'Mers";"M'Shrak";4515.00;3434.00;297.00;"Kilrathi Assembly of Clans";"M9 II";"None"
726;"Kur'u Som'Mers (6)";"Kur'u Som'Mers";"M'Shrak";4681.00;3401.00;303.00;"Kilrathi Assembly of Clans";"B2 V";"None"
728;"Shata";"Kur'u Som'Mers";"M'Shrak";4359.00;3486.00;275.00;"Kilrathi Assembly of Clans";"G5 V";"None"
729;"Sorn";"Kur'u Som'Mers";"M'Shrak";4238.00;3497.00;373.00;"Kilrathi Assembly of Clans";"K8 I";"None"
730;"K'sath'que (1)";"K'sath'que";"M'Shrak";4249.00;3700.00;171.00;"Kilrathi Assembly of Clans";"F2 III";"None"
731;"K'sath'que (10)";"K'sath'que";"M'Shrak";4688.00;4046.00;414.00;"Kilrathi Assembly of Clans";"F9 I";"None"
732;"K'sath'que (11)";"K'sath'que";"M'Shrak";4267.00;4162.00;297.00;"Kilrathi Assembly of Clans";"G2 V";"None"
733;"K'sath'que (12)";"K'sath'que";"M'Shrak";4417.00;4148.00;175.00;"Kilrathi Assembly of Clans";"K8 V";"None"
736;"K'sath'que (3)";"K'sath'que";"M'Shrak";4534.00;3674.00;246.00;"Kilrathi Assembly of Clans";"B7 II";"None"
737;"K'sath'que (4)";"K'sath'que";"M'Shrak";4605.00;3772.00;147.00;"Kilrathi Assembly of Clans";"F7 V";"None"
739;"K'sath'que (6)";"K'sath'que";"M'Shrak";4420.00;3852.00;276.00;"Kilrathi Assembly of Clans";"G6 III";"None"
743;"Utara";"K'sath'que";"M'Shrak";4263.00;3892.00;339.00;"Kilrathi Assembly of Clans";"K4 VI";"None"
746;"Dath'que (11)";"Dath'que";"M'Shrak";3896.00;4160.00;217.00;"Kilrathi Assembly of Clans";"O5 V";"None"
747;"Dath'que (12)";"Dath'que";"M'Shrak";4035.00;4162.00;309.00;"Kilrathi Assembly of Clans";"K8 III";"None"
748;"Dath'que (2)";"Dath'que";"M'Shrak";3965.00;3725.00;506.00;"Kilrathi Assembly of Clans";"K6 VI";"None"
750;"Dath'que (4)";"Dath'que";"M'Shrak";3609.00;3780.00;244.00;"Kilrathi Assembly of Clans";"O8 V";"None"
756;"Evian";"Dath'que";"M'Shrak";3801.00;4016.00;333.00;"Kilrathi Assembly of Clans";"A1 V";"None"
757;"M'shrak";"Dath'que";"M'Shrak";4087.00;3740.00;292.00;"Kilrathi Assembly of Clans";"M3 IV";"None"
758;"Paghk";"Dath'que";"M'Shrak";3692.00;3676.00;250.00;"Kilrathi Assembly of Clans";"G8 VI";"None"
759;"Terragon";"Dath'que";"M'Shrak";3655.00;4016.00;495.00;"Kilrathi Assembly of Clans";"F1 V";"None"
760;"Buford's World";"Quadrant 1";"Landreich";1697.00;4690.00;351.00;"Free Republic of the Landreich";"G1 III";"None"
761;"Gainer's World";"Quadrant 1";"Landreich";1513.00;4293.00;231.00;"Terran Confederation";"F8 I";"None"
764;"Greenhouse";"Quadrant 1";"Landreich";1434.00;4762.00;160.00;"Free Republic of the Landreich";"M5 VI";"None"
765;"Ilios";"Quadrant 1";"Landreich";1603.00;4795.00;371.00;"Free Republic of the Landreich";"A1 V";"None"
767;"Landreich 1 (1)";"Quadrant 1";"Landreich";1744.00;4611.00;70.00;"Kilrathi Assembly of Clans";"A0 III";"None"
768;"Landreich 1 (2)";"Quadrant 1";"Landreich";1337.00;4616.00;381.00;"Free Republic of the Landreich";"A6 III";"None"
769;"New Plains";"Quadrant 1";"Landreich";1310.00;4300.00;217.00;"Union of Border Worlds";"G1 I";"None"
773;"Oecumene";"Quadrant 1";"Landreich";1600.00;4544.00;267.00;"Free Republic of the Landreich";"G5 VI";"None"
774;"Orleans";"Quadrant 1";"Landreich";1443.00;4500.00;180.00;"Free Republic of the Landreich";"F5 V";"None"
775;"Vaku";"Quadrant 1";"Landreich";1710.00;4413.00;153.00;"Kilrathi Assembly of Clans";"K9 V";"None"
777;"Dharkyll";"Halgkrak";"Landreich";2051.00;4758.00;311.00;"Kilrathi Assembly of Clans";"M1 V";"None"
778;"Dioscuri";"Halgkrak";"Landreich";1808.00;4488.00;490.00;"Kilrathi Assembly of Clans";"M9 II";"None"
780;"Fawcett's World";"Halgkrak";"Landreich";1881.00;4499.00;223.00;"Kilrathi Assembly of Clans";"F1 V";"None"
781;"Halgkrak (1)";"Halgkrak";"Landreich";2098.00;4609.00;449.00;"Kilrathi Assembly of Clans";"F7 VI";"None"
782;"Halgkrak (10)";"Halgkrak";"Landreich";2318.00;4797.00;289.00;"Kilrathi Assembly of Clans";"K3 V";"None"
785;"Halgkrak (3)";"Halgkrak";"Landreich";2125.00;4358.00;314.00;"Kilrathi Assembly of Clans";"K8 VI";"None"
788;"Halgkrak (6)";"Halgkrak";"Landreich";2274.00;4555.00;136.00;"Kilrathi Assembly of Clans";"G4 V";"None"
789;"Halgkrak (7)";"Halgkrak";"Landreich";2296.00;4679.00;229.00;"Kilrathi Assembly of Clans";"B3 V";"None"
792;"Hallin";"Halgkrak";"Landreich";1833.00;4594.00;313.00;"Kilrathi Assembly of Clans";"G7 V";"None"
794;"Pisoes";"Halgkrak";"Landreich";1824.00;4384.00;274.00;"Kilrathi Assembly of Clans";"F5 I";"None"
795;"Preesg";"Halgkrak";"Landreich";1841.00;4804.00;247.00;"Kilrathi Assembly of Clans";"O9 II";"None"
796;"Vordran";"Halgkrak";"Landreich";1908.00;4696.00;212.00;"Kilrathi Assembly of Clans";"F2 VI";"None"
798;"Black Hole system 299";"Quadrant 3";"Landreich";1902.00;4989.00;254.00;"Kilrathi Assembly of Clans";"A6 IV";"None"
799;"Jigada";"Quadrant 3";"Landreich";2092.00;4940.00;423.00;"Kilrathi Assembly of Clans";"K4 V";"None"
800;"Landreich 3 (1)";"Quadrant 3";"Landreich";2223.00;4881.00;295.00;"Kilrathi Assembly of Clans";"B2 V";"None"
806;"Seti Beta";"Quadrant 3";"Landreich";1874.00;4895.00;378.00;"Kilrathi Assembly of Clans";"G4 III";"None"
807;"Balthazar";"Quadrant 4";"Landreich";1650.00;4956.00;317.00;"Free Republic of the Landreich";"K9 II";"None"
810;"Siva";"Quadrant 4";"Landreich";1720.00;4886.00;274.00;"Free Republic of the Landreich";"M2 V";"None"
